ACCIDENT_DATE,ACCIDENT_TIME,ALCOHOLTIME,ACCIDENT_TYPE,DCA_CODE,HIT_RUN_FLAG,LIGHT_CONDITION,POLICE_ATTEND,ROAD_GEOMETRY,SEVERITY,SPEED_ZONE,LONGITUDE,LATITUDE,LGA_NAME,REGION_NAME,TOTAL_PERSONS,INJ_OR_FATAL,FATALITY,SERIOUSINJURY,OTHERINJURY,NONINJURED,MALES,FEMALES,BICYCLIST,PASSENGER,DRIVER,PEDESTRIAN,PILLION,MOTORIST,UNKNOWN,PED_CYCLIST_5_12,PED_CYCLIST_13_18,OLD_PEDESTRIAN,OLD_DRIVER,YOUNG_DRIVER,ALCOHOL_RELATED,UNLICENCSED,NO_OF_VEHICLES,HEAVYVEHICLE,PASSENGERVEHICLE,MOTORCYCLE,PUBLICVEHICLE,DEG_URBAN_NAME
20/12/2014,04.30.00,Yes,Collision with vehicle,REAR END(VEHICLES IN SAME LANE),No,Dark Street lights on,Yes,Cross intersection,Serious injury accident,60 km/hr,145.05859,-37.82139,BOROONDARA,METROPOLITAN SOUTH EAST REGION,3,1,0,1,0,2,2,1,0,1,2,0,0,0,0,0,0,0,0,0,No,0,2,1,1,0,0,Metropolitan Excluding CBD
25/12/2014,10.00.00,No,Collision with vehicle,RIGHT REAR.,No,Day,Yes,T intersection,Other injury accident,60 km/hr,145.09414,-37.79169,BOROONDARA,METROPOLITAN SOUTH EAST REGION,2,1,0,0,1,1,1,1,0,0,2,0,0,0,0,0,0,0,0,1,No,0,2,0,2,0,0,Metropolitan Excluding CBD
28/12/2014,02.54.00,No,Collision with vehicle,CROSS TRAFFIC(INTERSECTIONS ONLY),No,Dark Street lights on,Yes,Cross intersection,Other injury accident,60 km/hr,145.03682,-37.81469,BOROONDARA,METROPOLITAN SOUTH EAST REGION,3,1,0,0,1,2,3,0,0,1,2,0,0,0,0,0,0,0,0,0,No,0,2,0,2,0,0,Metropolitan Excluding CBD
30/12/2014,15.06.00,No,Collision with vehicle,VEHICLE OFF FOOTPATH STRIKES VEH ON CARRIAGEWAY,No,Day,Yes,Multiple intersection,Serious injury accident,50 km/hr,145.03032,-37.79912,BOROONDARA,METROPOLITAN SOUTH EAST REGION,3,1,0,1,0,2,2,1,1,1,1,0,0,0,0,1,0,0,0,0,No,0,2,0,1,0,0,Metropolitan Excluding CBD
3/01/2015,12.30.00,No,Struck Pedestrian,PED PLAYING/LYING/WORKING/STANDING ON CARRIAGEWAY.,No,Day,Yes,Cross intersection,Other injury accident,50 km/hr,145.01954,-37.80934,BOROONDARA,METROPOLITAN SOUTH EAST REGION,2,1,0,0,1,1,2,0,0,0,1,1,0,0,0,0,0,0,0,0,No,0,1,0,1,0,0,Metropolitan Excluding CBD
4/01/2015,17.30.00,Yes,Collision with vehicle,CROSS TRAFFIC(INTERSECTIONS ONLY),No,Day,No,Cross intersection,Serious injury accident,50 km/hr,145.05279,-37.83092,BOROONDARA,METROPOLITAN SOUTH EAST REGION,2,1,0,1,0,1,0,1,1,0,0,0,0,0,1,0,0,0,0,0,No,0,2,0,0,0,0,Metropolitan Excluding CBD
4/01/2015,12.39.00,No,Collision with vehicle,REAR END(VEHICLES IN SAME LANE),No,Day,Yes,Not at intersection,Other injury accident,60 km/hr,145.06065,-37.8106,BOROONDARA,METROPOLITAN SOUTH EAST REGION,4,1,0,0,1,3,2,1,0,0,3,0,0,0,1,0,0,0,1,0,No,0,4,0,3,0,0,Metropolitan Excluding CBD
5/01/2015,07.20.00,No,Struck Pedestrian,ANY MANOEUVRE INVOLVING PED NOT INCLUDED IN DCAs 100-108.,No,Day,Yes,Not at intersection,Other injury accident,50 km/hr,145.05859,-37.81936,BOROONDARA,METROPOLITAN SOUTH EAST REGION,2,1,0,0,1,1,2,0,0,0,1,1,0,0,0,0,0,0,0,0,No,0,2,1,1,0,0,Metropolitan Excluding CBD
5/01/2015,10.15.00,No,Collision with vehicle,REAR END(VEHICLES IN SAME LANE),No,Day,No,Not at intersection,Other injury accident,60 km/hr,145.04976,-37.79907,BOROONDARA,METROPOLITAN SOUTH EAST REGION,2,1,0,0,1,1,1,1,0,0,2,0,0,0,0,0,0,0,0,1,No,0,2,0,2,0,0,Metropolitan Excluding CBD
5/01/2015,14.36.00,No,Collision with vehicle,REAR END(VEHICLES IN SAME LANE),No,Day,No,T intersection,Serious injury accident,60 km/hr,145.07925,-37.8238,BOROONDARA,METROPOLITAN SOUTH EAST REGION,3,1,0,1,0,2,1,2,0,1,2,0,0,0,0,0,0,0,0,0,No,0,2,0,2,0,0,Metropolitan Excluding CBD
6/01/2015,13.15.00,No,Vehicle overturned (no collision),OUT OF CONTROL ON CARRIAGEWAY (ON STRAIGHT),No,Day,Yes,T intersection,Other injury accident,60 km/hr,145.02938,-37.82191,BOROONDARA,METROPOLITAN SOUTH EAST REGION,2,2,0,0,2,0,1,1,0,0,0,0,0,1,1,0,0,0,0,0,No,0,1,0,0,1,0,Metropolitan Excluding CBD
9/01/2015,03.16.00,Yes,Collision with a fixed object,LEFT OFF CARRIAGEWAY INTO OBJECT/PARKED VEHICLE,No,Dark Street lights on,Yes,Not at intersection,Serious injury accident,60 km/hr,145.07754,-37.84833,BOROONDARA,METROPOLITAN SOUTH EAST REGION,2,1,0,1,0,1,2,0,0,1,1,0,0,0,0,0,0,0,0,0,No,0,1,0,1,0,0,Metropolitan Excluding CBD
10/01/2015,11.45.00,No,No collision and no object struck,OUT OF CONTROL ON CARRIAGEWAY (ON STRAIGHT),No,Day,Yes,Cross intersection,Other injury accident,60 km/hr,145.06069,-37.81037,BOROONDARA,METROPOLITAN SOUTH EAST REGION,2,1,0,0,1,1,2,0,0,0,1,0,0,1,0,0,0,0,0,0,No,0,2,0,1,1,0,Metropolitan Excluding CBD
13/01/2015,17.35.00,No,Collision with vehicle,RIGHT TURN SIDESWIPE,No,Day,Yes,Cross intersection,Other injury accident,60 km/hr,145.09831,-37.82046,BOROONDARA,METROPOLITAN SOUTH EAST REGION,2,1,0,0,1,1,1,1,1,0,1,0,0,0,0,0,0,0,0,0,No,0,2,0,1,0,0,Metropolitan Excluding CBD
13/01/2015,21.50.00,Yes,Vehicle overturned (no collision),OUT OF CONTROL ON CARRIAGEWAY (ON STRAIGHT),No,Dark Street lights on,Yes,Not at intersection,Other injury accident,60 km/hr,145.03796,-37.80871,BOROONDARA,METROPOLITAN SOUTH EAST REGION,1,1,0,0,1,0,1,0,0,0,0,0,0,1,0,0,0,0,0,0,No,0,1,0,0,1,0,Metropolitan Excluding CBD
13/01/2015,18.30.00,Yes,Collision with vehicle,REAR END(VEHICLES IN SAME LANE),No,Day,No,Cross intersection,Other injury accident,60 km/hr,145.04498,-37.84543,BOROONDARA,METROPOLITAN SOUTH EAST REGION,2,1,0,0,1,1,0,2,0,0,2,0,0,0,0,0,0,0,0,0,No,0,2,0,2,0,0,Metropolitan Excluding CBD
14/01/2015,09.35.00,No,Vehicle overturned (no collision),OUT OF CONTROL ON CARRIAGEWAY (ON STRAIGHT),No,Day,Yes,Not at intersection,Other injury accident,60 km/hr,145.0631,-37.78536,BOROONDARA,METROPOLITAN SOUTH EAST REGION,1,1,0,0,1,0,1,0,0,0,0,0,0,1,0,0,0,0,0,0,No,0,1,0,0,1,0,Metropolitan Excluding CBD
14/01/2015,13.30.00,No,Collision with vehicle,RIGHT THROUGH,No,Day,Yes,T intersection,Other injury accident,60 km/hr,145.09993,-37.82625,BOROONDARA,METROPOLITAN SOUTH EAST REGION,2,1,0,0,1,1,2,0,1,0,1,0,0,0,0,0,0,0,0,1,No,0,2,0,1,0,0,Metropolitan Excluding CBD
15/01/2015,10.03.00,No,Vehicle overturned (no collision),OUT OF CONTROL ON CARRIAGEWAY (ON STRAIGHT),No,Day,Yes,T intersection,Other injury accident,60 km/hr,145.05889,-37.83319,BOROONDARA,METROPOLITAN SOUTH EAST REGION,1,1,0,0,1,0,1,0,0,0,0,0,0,1,0,0,0,0,0,0,No,0,1,0,0,1,0,Metropolitan Excluding CBD
16/01/2015,10.45.00,No,Struck Pedestrian,PED NEAR SIDE. PED HIT BY VEHICLE FROM THE RIGHT.,Yes,Day,No,Cross intersection,Other injury accident,60 km/hr,145.06216,-37.83601,BOROONDARA,METROPOLITAN SOUTH EAST REGION,2,1,0,0,1,1,2,0,0,0,1,1,0,0,0,0,1,0,1,0,No,0,1,0,1,0,0,Metropolitan Excluding CBD
17/01/2015,10.45.00,No,Collision with vehicle,RIGHT REAR.,No,Day,Yes,T intersection,Other injury accident,60 km/hr,145.0931,-37.79203,BOROONDARA,METROPOLITAN SOUTH EAST REGION,3,1,0,0,1,2,2,1,0,1,2,0,0,0,0,0,0,0,0,0,No,0,2,0,2,0,0,Metropolitan Excluding CBD
17/01/2015,13.00.00,No,Collision with vehicle,LEFT NEAR (INTERSECTIONS ONLY),No,Day,Yes,T intersection,Serious injury accident,60 km/hr,145.09547,-37.85122,BOROONDARA,METROPOLITAN SOUTH EAST REGION,2,1,0,1,0,1,2,0,0,0,2,0,0,0,0,0,0,0,0,0,No,0,2,0,2,0,0,Metropolitan Excluding CBD
18/01/2015,11.20.00,No,Collision with vehicle,RIGHT NEAR (INTERSECTIONS ONLY),No,Day,Yes,T intersection,Other injury accident,60 km/hr,145.05526,-37.83897,BOROONDARA,METROPOLITAN SOUTH EAST REGION,3,1,0,0,1,2,3,0,0,1,2,0,0,0,0,0,0,0,0,0,No,0,2,0,2,0,0,Metropolitan Excluding CBD
20/01/2015,17.50.00,No,Collision with vehicle,RIGHT THROUGH,No,Day,Yes,T intersection,Other injury accident,60 km/hr,145.09236,-37.86889,BOROONDARA,METROPOLITAN SOUTH EAST REGION,2,1,0,0,1,1,2,0,0,0,2,0,0,0,0,0,0,0,0,0,No,0,2,0,2,0,0,Metropolitan Excluding CBD
20/01/2015,07.55.00,No,Collision with vehicle,RIGHT THROUGH,No,Day,No,Cross intersection,Other injury accident,40 km/hr,145.03508,-37.8241,BOROONDARA,METROPOLITAN SOUTH EAST REGION,2,1,0,0,1,1,2,0,1,0,1,0,0,0,0,0,0,0,0,0,No,0,2,0,1,0,0,Metropolitan Excluding CBD
23/01/2015,08.30.00,No,Struck Pedestrian,PARKED CAR RUN AWAY,No,Day,Yes,Not at intersection,Serious injury accident,60 km/hr,145.07983,-37.80588,BOROONDARA,METROPOLITAN SOUTH EAST REGION,1,1,0,1,0,0,1,0,0,0,0,1,0,0,0,0,0,0,0,0,No,0,1,0,1,0,0,Metropolitan Excluding CBD
23/01/2015,20.20.00,Yes,Collision with vehicle,VEHICLE COLLIDES WITH VEHICLE PARKED ON LEFT OF ROAD,No,Dark Street lights on,Yes,T intersection,Serious injury accident,60 km/hr,145.03694,-37.80457,BOROONDARA,METROPOLITAN SOUTH EAST REGION,1,1,0,1,0,0,1,0,0,0,1,0,0,0,0,0,0,0,0,0,Yes,1,3,0,3,0,0,Metropolitan Excluding CBD
24/01/2015,23.15.00,Yes,Collision with vehicle,RIGHT THROUGH,No,Dark Street lights on,Yes,Multiple intersection,Other injury accident,60 km/hr,145.02888,-37.80748,BOROONDARA,METROPOLITAN SOUTH EAST REGION,3,1,0,0,1,2,3,0,0,0,3,0,0,0,0,0,0,0,0,1,No,0,3,0,3,0,0,Metropolitan Excluding CBD
28/01/2015,08.05.00,No,Struck Pedestrian,PED ON FOOTHPATH STRUCK BY VEHENTERING/LEAVING DRIVEWAY.,No,Day,No,Not at intersection,Other injury accident,30km/hr,145.0313,-37.82214,BOROONDARA,METROPOLITAN SOUTH EAST REGION,2,1,0,0,1,1,1,1,0,0,1,1,0,0,0,0,0,0,0,0,No,0,1,0,1,0,0,Metropolitan Excluding CBD
29/01/2015,18.10.00,Yes,Collision with vehicle,LEFT NEAR (INTERSECTIONS ONLY),No,Day,Not known,T intersection,Other injury accident,60 km/hr,145.08287,-37.85468,BOROONDARA,METROPOLITAN SOUTH EAST REGION,2,1,0,0,1,1,2,0,1,0,1,0,0,0,0,0,0,0,0,0,No,0,2,0,1,0,0,Metropolitan Excluding CBD
29/01/2015,09.30.00,No,Collision with vehicle,LEFT NEAR (INTERSECTIONS ONLY),Not known,Day,No,T intersection,Other injury accident,60 km/hr,145.03114,-37.82839,BOROONDARA,METROPOLITAN SOUTH EAST REGION,2,1,0,0,1,1,1,0,1,0,0,0,0,0,1,0,0,0,0,0,No,0,2,0,0,0,0,Metropolitan Excluding CBD
30/01/2015,17.00.00,Yes,Collision with vehicle,RIGHT THROUGH,No,Day,Yes,Multiple intersection,Other injury accident,60 km/hr,145.064,-37.79345,BOROONDARA,METROPOLITAN SOUTH EAST REGION,5,2,0,0,2,3,4,1,0,1,4,0,0,0,0,0,0,0,0,0,No,0,4,0,4,0,0,Metropolitan Excluding CBD
31/01/2015,21.15.00,Yes,Struck Pedestrian,PED NEAR SIDE. PED HIT BY VEHICLE FROM THE RIGHT.,No,Dark Street lights on,Yes,Cross intersection,Other injury accident,60 km/hr,145.03682,-37.81469,BOROONDARA,METROPOLITAN SOUTH EAST REGION,2,1,0,0,1,1,0,2,0,0,1,1,0,0,0,0,0,0,0,1,No,0,1,0,1,0,0,Metropolitan Excluding CBD
31/01/2015,23.05.00,Yes,Collision with vehicle,VEHICLE COLLIDES WITH VEHICLE PARKED ON LEFT OF ROAD,No,Dark Street lights on,No,Not at intersection,Other injury accident,60 km/hr,145.03499,-37.82883,BOROONDARA,METROPOLITAN SOUTH EAST REGION,1,1,0,0,1,0,1,0,0,0,0,0,0,0,1,0,0,0,0,0,No,0,2,0,1,1,0,Metropolitan Excluding CBD
2/02/2015,19.19.00,Yes,Collision with vehicle,LANE CHANGE RIGHT (NOT OVERTAKING),No,Dusk/Dawn,Yes,T intersection,Other injury accident,60 km/hr,145.09804,-37.81485,BOROONDARA,METROPOLITAN SOUTH EAST REGION,2,2,0,0,2,0,2,0,0,0,2,0,0,0,0,0,0,0,0,0,No,1,2,0,2,0,0,Metropolitan Excluding CBD
3/02/2015,08.05.00,No,Collision with vehicle,REAR END(VEHICLES IN SAME LANE),No,Day,No,Not at intersection,Other injury accident,60 km/hr,145.0432,-37.8298,BOROONDARA,METROPOLITAN SOUTH EAST REGION,3,1,0,0,1,2,1,2,0,0,3,0,0,0,0,0,0,0,0,1,No,0,3,0,3,0,0,Metropolitan Excluding CBD
4/02/2015,18.08.00,Yes,Collision with vehicle,RIGHT THROUGH,No,Day,Yes,Cross intersection,Serious injury accident,60 km/hr,145.06368,-37.83216,BOROONDARA,METROPOLITAN SOUTH EAST REGION,3,1,0,1,0,2,2,1,0,1,2,0,0,0,0,0,0,0,0,1,No,0,2,0,2,0,0,Metropolitan Excluding CBD
5/02/2015,10.00.00,No,Collision with vehicle,REAR END(VEHICLES IN SAME LANE),No,Day,No,Not at intersection,Serious injury accident,60 km/hr,145.02235,-37.81299,BOROONDARA,METROPOLITAN SOUTH EAST REGION,2,1,0,1,0,1,1,0,0,0,2,0,0,0,0,0,0,0,0,0,No,0,2,0,1,0,1,Metropolitan Excluding CBD
6/02/2015,14.15.00,No,Struck Pedestrian,PED NEAR SIDE. PED HIT BY VEHICLE FROM THE RIGHT.,No,Day,Yes,T intersection,Other injury accident,40 km/hr,145.03282,-37.82231,BOROONDARA,METROPOLITAN SOUTH EAST REGION,2,1,0,0,1,1,1,1,0,0,1,1,0,0,0,0,0,0,0,0,No,0,1,0,1,0,0,Metropolitan Excluding CBD
7/02/2015,23.50.00,Yes,Collision with a fixed object,LEFT OFF CARRIAGEWAY INTO OBJECT/PARKED VEHICLE,No,Dark Street lights on,Yes,T intersection,Serious injury accident,60 km/hr,145.03815,-37.80771,BOROONDARA,METROPOLITAN SOUTH EAST REGION,3,1,0,1,0,2,1,2,0,2,1,0,0,0,0,0,0,0,0,0,No,0,1,0,1,0,0,Metropolitan Excluding CBD
14/02/2015,08.15.00,No,Vehicle overturned (no collision),OUT OF CONTROL ON CARRIAGEWAY (ON STRAIGHT),No,Day,Yes,Not at intersection,Other injury accident,60 km/hr,145.04399,-37.8299,BOROONDARA,METROPOLITAN SOUTH EAST REGION,1,1,0,0,1,0,1,0,0,0,0,0,0,1,0,0,0,0,0,0,No,0,1,0,0,1,0,Metropolitan Excluding CBD
15/02/2015,16.20.00,Yes,Collision with vehicle,REAR END(VEHICLES IN SAME LANE),No,Day,Yes,Not at intersection,Other injury accident,60 km/hr,145.07638,-37.8482,BOROONDARA,METROPOLITAN SOUTH EAST REGION,2,1,0,0,1,1,1,1,0,0,1,0,0,1,0,0,0,0,0,1,No,0,2,0,1,1,0,Metropolitan Excluding CBD
16/02/2015,08.30.00,No,Collision with vehicle,LANE CHANGE RIGHT (NOT OVERTAKING),No,Day,Yes,Not at intersection,Serious injury accident,100 km/hr,145.02556,-37.79157,BOROONDARA,METROPOLITAN SOUTH EAST REGION,4,2,0,1,1,2,2,2,0,2,2,0,0,0,0,0,0,0,1,0,No,0,2,0,2,0,0,Metropolitan Excluding CBD
16/02/2015,18.30.00,Yes,Vehicle overturned (no collision),OUT OF CONTROL ON CARRIAGEWAY (ON STRAIGHT),No,Day,No,T intersection,Other injury accident,Not known,145.04733,-37.83028,BOROONDARA,METROPOLITAN SOUTH EAST REGION,2,1,0,0,1,1,1,1,1,0,1,0,0,0,0,0,0,0,0,0,No,0,2,0,1,0,0,Metropolitan Excluding CBD
17/02/2015,09.15.00,No,No collision and no object struck,OUT OF CONTROL ON CARRIAGEWAY (ON STRAIGHT),No,Day,No,Cross intersection,Serious injury accident,60 km/hr,145.09764,-37.82389,BOROONDARA,METROPOLITAN SOUTH EAST REGION,3,1,0,1,0,2,2,1,1,1,1,0,0,0,0,0,0,0,0,0,No,0,2,0,1,0,0,Metropolitan Excluding CBD
17/02/2015,17.15.00,No,Vehicle overturned (no collision),OUT OF CONTROL ON CARRIAGEWAY (ON STRAIGHT),No,Day,No,Cross intersection,Other injury accident,60 km/hr,145.039,-37.82931,BOROONDARA,METROPOLITAN SOUTH EAST REGION,1,1,0,0,1,0,1,0,1,0,0,0,0,0,0,0,0,0,0,0,No,0,1,0,0,0,0,Metropolitan Excluding CBD
17/02/2015,17.10.00,No,Collision with vehicle,RIGHT THROUGH,No,Day,Yes,T intersection,Other injury accident,60 km/hr,145.05936,-37.81737,BOROONDARA,METROPOLITAN SOUTH EAST REGION,2,1,0,0,1,1,1,1,0,0,2,0,0,0,0,0,0,0,0,0,No,0,2,0,2,0,0,Metropolitan Excluding CBD
19/02/2015,06.45.00,No,Collision with a fixed object,RIGHT OFF CARRIAGEWAY INTO OBJECT/PARKED VEHICLE,No,Dusk/Dawn,Yes,Not at intersection,Serious injury accident,60 km/hr,145.0331,-37.83501,BOROONDARA,METROPOLITAN SOUTH EAST REGION,1,1,0,1,0,0,0,1,0,0,1,0,0,0,0,0,0,0,0,1,No,0,1,0,1,0,0,Metropolitan Excluding CBD
19/02/2015,06.30.00,No,Collision with vehicle,RIGHT THROUGH,No,Dusk/Dawn,Yes,T intersection,Serious injury accident,60 km/hr,145.02876,-37.80887,BOROONDARA,METROPOLITAN SOUTH EAST REGION,2,1,0,1,0,1,1,1,1,0,1,0,0,0,0,0,0,0,0,0,No,0,2,0,1,0,0,Metropolitan Excluding CBD
21/02/2015,14.10.00,Yes,Collision with vehicle,REAR END(VEHICLES IN SAME LANE),No,Day,Yes,Not at intersection,Other injury accident,60 km/hr,145.07869,-37.77737,BOROONDARA,METROPOLITAN SOUTH EAST REGION,5,2,0,0,2,3,2,3,0,2,3,0,0,0,0,0,0,0,0,0,No,0,3,0,3,0,0,Metropolitan Excluding CBD
25/02/2015,14.00.00,No,No collision and no object struck,OFF CARRIAGEWAY ON RIGHT BEND,No,Day,Yes,Not at intersection,Other injury accident,50 km/hr,145.02186,-37.80292,BOROONDARA,METROPOLITAN SOUTH EAST REGION,1,1,0,0,1,0,1,0,0,0,0,0,0,1,0,0,0,0,0,0,No,0,1,0,0,1,0,Metropolitan Excluding CBD
25/02/2015,14.45.00,No,Collision with vehicle,RIGHT FAR (INTERSECTIONS ONLY),No,Day,Yes,Cross intersection,Other injury accident,50 km/hr,145.04452,-37.82524,BOROONDARA,METROPOLITAN SOUTH EAST REGION,4,1,0,0,1,3,1,3,0,2,2,0,0,0,0,0,0,0,0,1,No,0,2,0,2,0,0,Metropolitan Excluding CBD
26/02/2015,15.45.00,No,Collision with vehicle,REAR END(VEHICLES IN SAME LANE),No,Day,No,Not at intersection,Other injury accident,Not known,145.02605,-37.78939,BOROONDARA,METROPOLITAN SOUTH EAST REGION,2,1,0,0,1,1,2,0,0,0,2,0,0,0,0,0,0,0,0,1,No,0,2,0,2,0,0,Metropolitan Excluding CBD
27/02/2015,12.06.00,No,Collision with vehicle,RIGHT TURN SIDESWIPE,No,Day,Yes,T intersection,Serious injury accident,60 km/hr,145.04222,-37.82343,BOROONDARA,METROPOLITAN SOUTH EAST REGION,2,1,0,1,0,1,1,1,0,0,1,0,0,0,1,0,0,0,0,0,No,0,2,0,1,1,0,Metropolitan Excluding CBD
28/02/2015,17.37.00,Yes,Struck Pedestrian,FAR SIDE. PED HIT BY VEHICLE FROM THE LEFT,No,Day,Yes,Cross intersection,Serious injury accident,60 km/hr,145.03421,-37.82874,BOROONDARA,METROPOLITAN SOUTH EAST REGION,2,1,0,1,0,1,0,2,0,0,1,1,0,0,0,0,0,1,0,0,No,0,1,0,1,0,0,Metropolitan Excluding CBD
1/03/2015,17.35.00,Yes,Collision with vehicle,RIGHT THROUGH,No,Dusk/Dawn,Yes,Cross intersection,Other injury accident,60 km/hr,145.06368,-37.83216,BOROONDARA,METROPOLITAN SOUTH EAST REGION,3,1,0,0,1,2,1,2,0,1,2,0,0,0,0,0,0,0,1,1,No,0,2,0,2,0,0,Metropolitan Excluding CBD
2/03/2015,20.50.00,Yes,Collision with vehicle,LANE CHANGE LEFT (NOT OVERTAKING),No,Dark Street lights on,Yes,T intersection,Other injury accident,60 km/hr,145.05964,-37.81588,BOROONDARA,METROPOLITAN SOUTH EAST REGION,2,1,0,0,1,1,2,0,0,0,1,0,0,1,0,0,0,0,0,0,No,0,2,0,1,1,0,Metropolitan Excluding CBD
3/03/2015,10.15.00,No,Collision with vehicle,REAR END(VEHICLES IN SAME LANE),No,Day,Yes,T intersection,Other injury accident,60 km/hr,145.09858,-37.8261,BOROONDARA,METROPOLITAN SOUTH EAST REGION,4,1,0,0,1,3,2,2,0,1,3,0,0,0,0,0,0,0,0,1,No,0,3,0,3,0,0,Metropolitan Excluding CBD
3/03/2015,16.10.00,No,Struck Pedestrian,FAR SIDE. PED HIT BY VEHICLE FROM THE LEFT,No,Day,Yes,Not at intersection,Serious injury accident,60 km/hr,145.04159,-37.84112,BOROONDARA,METROPOLITAN SOUTH EAST REGION,2,1,0,1,0,1,1,1,0,0,1,1,0,0,0,1,0,0,0,0,No,0,1,0,1,0,0,Metropolitan Excluding CBD
4/03/2015,16.45.00,No,Collision with vehicle,LANE CHANGE LEFT (NOT OVERTAKING),No,Day,Yes,Not at intersection,Other injury accident,100 km/hr,145.07603,-37.78102,BOROONDARA,METROPOLITAN SOUTH EAST REGION,6,1,0,0,1,5,3,3,0,2,4,0,0,0,0,0,0,0,0,1,No,0,4,0,4,0,0,Metropolitan Excluding CBD
7/03/2015,15.40.00,Yes,Collision with vehicle,RIGHT THROUGH,No,Day,Yes,Not at intersection,Other injury accident,60 km/hr,145.06369,-37.79493,BOROONDARA,METROPOLITAN SOUTH EAST REGION,3,2,0,0,2,1,2,1,0,1,2,0,0,0,0,0,0,0,0,1,No,0,2,0,2,0,0,Metropolitan Excluding CBD
10/03/2015,18.10.00,Yes,Collision with vehicle,LEFT TURN SIDESWIPE,No,Dusk/Dawn,No,Multiple intersection,Other injury accident,50 km/hr,145.08513,-37.81889,BOROONDARA,METROPOLITAN SOUTH EAST REGION,2,1,0,0,1,1,1,1,1,0,1,0,0,0,0,0,0,0,0,0,No,0,2,0,1,0,0,Metropolitan Excluding CBD
11/03/2015,08.06.00,No,Collision with vehicle,VEHICLE STRIKES ANOTHER VEH WHILE EMERGING FROM DRIVEWAY,No,Day,Yes,Not at intersection,Other injury accident,60 km/hr,145.07478,-37.83346,BOROONDARA,METROPOLITAN SOUTH EAST REGION,3,2,0,0,2,1,1,2,0,1,2,0,0,0,0,0,0,0,0,0,No,0,2,0,2,0,0,Metropolitan Excluding CBD
13/03/2015,21.30.00,Yes,Vehicle overturned (no collision),OUT OF CONTROL ON CARRIAGEWAY (ON STRAIGHT),No,Dark Street lights on,Not known,Cross intersection,Serious injury accident,Not known,145.03535,-37.82261,BOROONDARA,METROPOLITAN SOUTH EAST REGION,1,1,0,1,0,0,1,0,0,0,0,0,0,1,0,0,0,0,0,0,No,0,1,0,0,1,0,Metropolitan Excluding CBD
13/03/2015,06.30.00,No,Collision with vehicle,VEHICLE STRIKES DOOR OF PARKED/STATIONARY VEHICLE,No,Dark Street lights unknown,No,Not at intersection,Serious injury accident,60 km/hr,145.03486,-37.81446,BOROONDARA,METROPOLITAN SOUTH EAST REGION,2,1,0,1,0,1,2,0,1,0,1,0,0,0,0,0,0,0,0,0,No,0,2,0,1,0,0,Metropolitan Excluding CBD
15/03/2015,14.20.00,No,Collision with vehicle,REAR END(VEHICLES IN SAME LANE),No,Day,No,Multiple intersection,Other injury accident,60 km/hr,145.07863,-37.77962,BOROONDARA,METROPOLITAN SOUTH EAST REGION,2,1,0,0,1,1,1,1,0,0,2,0,0,0,0,0,0,0,0,0,No,0,2,0,2,0,0,Metropolitan Excluding CBD
20/03/2015,08.45.00,No,Collision with vehicle,LEFT TURN SIDESWIPE,No,Day,Yes,T intersection,Serious injury accident,40 km/hr,145.03726,-37.81237,BOROONDARA,METROPOLITAN SOUTH EAST REGION,2,1,0,1,0,1,1,1,1,0,1,0,0,0,0,0,0,0,0,0,No,0,2,0,1,0,0,Metropolitan Excluding CBD
21/03/2015,12.45.00,No,Collision with vehicle,REAR END(VEHICLES IN SAME LANE),No,Day,No,Not at intersection,Other injury accident,50 km/hr,145.07654,-37.7805,BOROONDARA,METROPOLITAN SOUTH EAST REGION,2,1,0,0,1,1,1,1,0,0,2,0,0,0,0,0,0,0,0,0,No,0,2,0,2,0,0,Metropolitan Excluding CBD
21/03/2015,20.30.00,Yes,Collision with vehicle,LANE CHANGE LEFT (NOT OVERTAKING),No,Dark No street lights,Yes,Not at intersection,Other injury accident,100 km/hr,145.0439,-37.79049,BOROONDARA,METROPOLITAN SOUTH EAST REGION,2,1,0,0,1,1,0,2,0,0,2,0,0,0,0,0,0,0,0,1,No,0,2,0,2,0,0,Metropolitan Excluding CBD
22/03/2015,16.00.00,Yes,Collision with vehicle,RIGHT NEAR (INTERSECTIONS ONLY),No,Day,No,T intersection,Other injury accident,60 km/hr,145.09547,-37.85122,BOROONDARA,METROPOLITAN SOUTH EAST REGION,2,1,0,0,1,1,1,0,0,0,1,0,0,0,1,0,0,0,0,0,No,0,2,0,1,0,0,Metropolitan Excluding CBD